{
    "objects": [
        {
            "name": "PLA END",
            "position": {
                "x": 0.0,
                "y": 10.0,
                "z": -9.0
            },
            "rotation": {
                "x": 0.0,
                "y": -1.0,
                "z": 0.0,
                "w": 0.0
            }
        },
        {
            "name": "TRA BUMPER",
            "position": {
                "x": 3.9705123901367189,
                "y": 13.051050186157227,
                "z": 1.7792167663574219
            },
            "rotation": {
                "x": -0.056237950921058658,
                "y": -0.950091540813446,
                "z": -0.04421774670481682,
                "w": 0.30365800857543948
            }
        }
    ]
}