{
    "objects": [
        {
            "name": "PLA END",
            "position": {
                "x": 0.0,
                "y": 0.0,
                "z": -9.0
            },
            "rotation": {
                "x": 0.0,
                "y": -1.0,
                "z": 0.0,
                "w": 0.0
            }
        },
        {
            "name": "PLA520",
            "position": {
                "x": -0.09101587533950806,
                "y": 0.7942907810211182,
                "z": -0.11765729635953903
            },
            "rotation": {
                "x": -0.022656334564089776,
                "y": 0.9912030100822449,
                "z": 0.1263490468263626,
                "w": -0.032237470149993899
            }
        }
    ]
}