{
    "objects": [
        {
            "name": "PLA END",
            "position": {
                "x": -0.3776540756225586,
                "y": -1.069906234741211,
                "z": -53.841270446777347
            },
            "rotation": {
                "x": -0.010487798601388932,
                "y": -0.9998589158058167,
                "z": 0.008623610250651837,
                "w": 0.009890882298350335
            }
        }
    ],
    "moves": [
        {
            "name": "PLA520_move",
            "position": {
                "x": 0.8798661231994629,
                "y": -0.5339565277099609,
                "z": -9.873172760009766
            },
            "rotation": {
                "x": 0.003108421340584755,
                "y": 0.7195742726325989,
                "z": -0.003732281271368265,
                "w": 0.6943985223770142
            },
            "Endposition": {
                "x": -0.952573299407959,
                "y": -1.055403709411621,
                "z": -46.13185501098633
            },
            "Speed": 7
        }
    ]
}