{
    "objects": [
        {
            "name": "PLA END",
            "position": {
                "x": 0.0,
                "y": 10.0,
                "z": -9.0
            },
            "rotation": {
                "x": 0.0,
                "y": -1.0,
                "z": 0.0,
                "w": 0.0
            }
        },
        {
            "name": "PLA520",
            "position": {
                "x": 0.002468109130859375,
                "y": 9.911962509155274,
                "z": 12.599924087524414
            },
            "rotation": {
                "x": 0.0008806475671008229,
                "y": -0.9999644160270691,
                "z": -0.00835491344332695,
                "w": -0.0007932751323096454
            }
        }
    ]
}